artist_name,track_name
Nelly,Ride Wit Me
Toby Keith,Red Solo Cup
Aerosmith,Sweet Emotion
Chris Janson,Buy Me A Boat
Thomas Rhett,Craving You
Thomas Rhett,T-Shirt
Zac Brown Band,Castaway
Luke Bryan,Country Girl (Shake It For Me)
Shaggy,It Wasn't Me
Coldplay,Paradise
Lynyrd Skynyrd,Sweet Home Alabama
Asher Roth,I Love College
Jon Pardi,Dirt On My Boots
Zac Brown Band,Knee Deep (feat. Jimmy Buffett)
The Who,Baba O'Riley
Lynyrd Skynyrd,Gimme Three Steps
Zac Brown Band,Homegrown
Sublime,Santeria
Kanye West,Homecoming
Kid Cudi,Erase Me - Main
Sublime,What I Got
Pras,Ghetto Supastar (That is What You Are)
Van Morrison,Brown Eyed Girl
UB40,Red Red Wine - Edit
Dylan Scott,My Girl
Toby Keith,"Courtesy Of The Red, White And Blue (The Angry American)"
Alan Walker,Faded
Ed Sheeran,Shape of You
Toby Keith,Beer For My Horses
Florida Georgia Line,Sun Daze
Sam Hunt,House Party
Kenny Chesney,When the Sun Goes Down
Cage The Elephant,Ain't No Rest for the Wicked - Original Version
Kanye West,Waves
Zac Brown Band,Chicken Fried
Calvin Harris,Slide
Franz Ferdinand,Take Me Out
Zac Brown Band,Loving You Easy
Kanye West,Good Life
Sam Hunt,Body Like A Back Road
Calvin Harris,Feels
Lil Wayne,"Sucker For Pain (with Wiz Khalifa, Imagine Dragons, Logic & Ty Dolla $ign feat. X Ambassadors)"
J. Cole,Wet Dreamz
Zac Brown Band,Jump Right In
Kanye West,Father Stretch My Hands Pt. 1
Zac Brown Band,Toes
Shaggy,Angel
Jimmy Buffett,Margaritaville
The Rolling Stones,Beast Of Burden - Remastered
Midland,Drinkin' Problem
Imagine Dragons,I Bet My Life
The Rolling Stones,Sympathy For The Devil
Third Eye Blind,Semi-Charmed Life
Mura Masa,Love$ick (feat. A$AP Rocky)
The Black Keys,Fever
Dustin Lynch,Seein' Red
Chiddy Bang,Opposite Of Adults
Kenny Chesney,"No Shoes, No Shirt, No Problems - Re-Tracked / Master Version"
Aerosmith,Dream On
Florida Georgia Line,This Is How We Roll
The Black Keys,Lonely Boy
Childish Gambino,Redbone
Snoop Dogg,"Young, Wild & Free (feat. Bruno Mars) - feat. Bruno Mars"
Sugar Ray,Fly
Kendrick Lamar,i
Brantley Gilbert,The Weekend
Imagine Dragons,On Top Of The World
Blues Traveler,Run-Around
Robin Thicke,Blurred Lines
Zac Brown Band,Beautiful Drug
50 Cent,P.I.M.P.
Rascal Flatts,Life Is A Highway
Brett Eldredge,Somethin' I'm Good At
Kid Cudi,Soundtrack 2 My Life
Kid Rock,All Summer Long
Imagine Dragons,Radioactive
DJ Khaled,I'm the One
Luis Fonsi,Despacito - Remix
Bob Marley & The Wailers,Three Little Birds
Bruno Mars,The Lazy Song
The Killers,When You Were Young
Flo Rida,My House
Estelle,American Boy (feat. Kanye West)
Aerosmith,Walk This Way
Matoma,Old Thing Back (feat. Ja Rule and Ralph Tresvant)
Steppenwolf,Magic Carpet Ride
Wes Walker,Jordan Belfort
Florida Georgia Line,May We All
Thomas Rhett,Unforgettable
B.o.B,So Good
Shakira,Hips Don't Lie
Major Lazer,"Know No Better (feat. Travis Scott, Camila Cabello & Quavo)"
Mark Ronson,Uptown Funk
The Weeknd,Sidewalks
Daryl Hall & John Oates,You Make My Dreams - Remastered
Big Sean,Dance (A$$) Remix
Louis The Child,Weekend
JAY Z,Clique
Cobra Starship,Good Girls Go Bad (feat. Leighton Meester)
Justin Bieber,As Long As You Love Me
WALK THE MOON,Shut Up and Dance
Big Sean,I Don't Fuck With You
Bruno Mars,That's What I Like
Lil Wayne,6 Foot 7 Foot
B.o.B,HeadBand (feat. 2 Chainz)
Dierks Bentley,Drunk On A Plane
Kanye West,All Of The Lights
The Chainsmokers,Kanye
Lil Wayne,Love Me
Liam Payne,Strip That Down
Sage The Gemini,Gas Pedal
Mike Posner,Cooler Than Me - Single Mix
Flo Rida,Low (feat T-Pain) - Feat T-Pain Album Version
Wiz Khalifa,Black And Yellow
Tiësto,Wasted
Kanye West,Gold Digger
Wiz Khalifa,No Sleep
B.o.B,Strange Clouds (feat. Lil Wayne) - feat. Lil Wayne
Chance The Rapper,All Night (feat. Knox Fortune)
Travis Scott,goosebumps
Drake,Back To Back
Lil Wayne,Lollipop
Kendrick Lamar,HUMBLE.
Calvin Harris,Summer
Justin Bieber,Sorry
Avril Lavigne,Girlfriend (German Version - Explicit) - German Version - Explicit
B.o.B,Magic (feat. Rivers Cuomo)
Post Malone,Congratulations
2 Chainz,Watch Out
Big Sean,Bounce Back
Galantis,No Money
Fat Joe,All The Way Up
Chris Brown,Yeah 3x
G-Eazy,Lady Killers (feat. Hoodie Allen)
Young Money,BedRock
MadeinTYO,Skateboard P
Rob $tone,Chill Bill
The Vamps,All Night
The Chainsmokers,Until You Were Gone
The Beatles,Yesterday - Remastered
Travis Porter,Ayy Ladies
Jay Sean,Do You Remember
Sammy Adams,All Night Longer
Usher,DJ Got Us Fallin' In Love
Miley Cyrus,Party In The U.S.A.
Macklemore & Ryan Lewis,"Downtown (feat. Melle Mel, Grandmaster Caz, Kool Moe Dee & Eric Nally)"
Fountains Of Wayne,Stacy's Mom
2 Chainz,Birthday Song
blackbear,do re mi
Migos,Bad and Boujee (feat. Lil Uzi Vert)
Ayo & Teo,Rolex
DRAM,Broccoli (feat. Lil Yachty)
D4L,Laffy Taffy - Explicit Album Version w/sample/APPROVED-FINAL
Ace Hood,Bugatti
Demi Lovato,Skyscraper
Drake,Started From the Bottom
Bowling For Soup,1985
Ginuwine,Pony
Wiz Khalifa,"Work Hard, Play Hard"
The Chainsmokers,Roses
The Chainsmokers,Paris
A$AP Rocky,F**kin' Problems
Drake,0 To 100 / The Catch Up
AJR,Weak
DRAM,Cash Machine
Soulja Boy,Kiss Me Thru The Phone
Snoop Dogg,Drop It Like It's Hot
Zedd,Stay (with Alessia Cara)
T-Pain,Best Love Song
Gucci Mane,Both (feat. Drake)
Chris Brown,Look At Me Now
T-Pain,Dan Bilzerian
Waka Flocka Flame,No Hands (feat. Roscoe Dash and Wale) - Explicit Album Version
Juicy J,Bounce It
A Boogie Wit da Hoodie,Drowning (feat. Kodak Black)
Travis Scott,Antidote
Rae Sremmurd,No Type
Sean Kingston,Fire Burning
KYLE,iSpy (feat. Lil Yachty)
Starley,Call On Me - Ryan Riback Extended Remix
The Chainsmokers,Something Just Like This
Timeflies,Once In a While
Post Malone,rockstar
Drake,Jumpman
Fetty Wap,679 (feat. Remy Boyz)
Cardi B,Bodak Yellow
Icona Pop,I Love It (feat. Charli XCX) - feat. Charli XCX [Original Version]
The All-American Rejects,Gives You Hell
Baby Bash,Cyclone - Main
Aminé,Caroline
AJR,I'm Ready
T-Pain,Bartender
Bruno Mars,Just the Way You Are
Akon,Smack That - Dirty
Ne-Yo,She Knows
Justin Timberlake,"CAN'T STOP THE FEELING! (Original Song from DreamWorks Animation's ""TROLLS"")"
Lil Wayne,She Will
Justin Timberlake,SexyBack
Justin Timberlake,Mirrors
Flo Rida,GDFR (feat. Sage The Gemini & Lookas)
Boston,Smokin'
Nicki Minaj,Super Bass
Shawn Mendes,Stitches
The Weeknd,Often
Jason Derulo,Talk Dirty (feat. 2 Chainz)
Katy Perry,Dark Horse
DNCE,Cake By The Ocean
Charlie Puth,We Don't Talk Anymore (feat. Selena Gomez)
St. Lucia,Dancing On Glass
DJ Khaled,I'm On One
Fifth Harmony,Worth It
Calvin Harris,This Is What You Came For
Wiz Khalifa,"See You Again (feat. Charlie Puth) - From ""Furious 7"""
The Wanted,Glad You Came
Trey Songz,"Touchin, Lovin (feat. Nicki Minaj)"
Katy Perry,Firework
Rihanna,Bitch Better Have My Money
Trey Songz,Bottoms Up - feat. Nicki Minaj
Drake,The Motto
Chris Brown,Loyal
Rihanna,What's My Name?
Justin Timberlake,My Love
Rihanna,Work
David Guetta,Titanium (feat. Sia) - feat. Sia
Jessie J,Bang Bang
Ariana Grande,Break Free
Justin Timberlake,Rock Your Body
Drake,One Dance
Chris Brown,Ayo
Pitbull,Give Me Everything
T-Pain,Buy U a Drank (Shawty Snappin')
Fifth Harmony,Work from Home
Adele,Hello
Maroon 5,Sugar
Daya,Hide Away
Desiigner,Panda
Drake,With You
Chris Brown,Forever
The Weeknd,Acquainted
The Weeknd,The Hills
The Chainsmokers,Closer
T.I.,Live Your Life (feat. Rihanna)
The Weeknd,Can't Feel My Face
Pitbull,Timber
Ariana Grande,Into You
Bruno Mars,Locked Out Of Heaven
Tove Lo,Talking Body
Selena Gomez,Good For You
Ne-Yo,Closer
Drake,Best I Ever Had
Beyoncé,Drunk in Love
Nico & Vinz,Am I Wrong
Drake,Hotline Bling
Pitbull,Time of Our Lives
Ariana Grande,One Last Time
Jason Derulo,Want to Want Me
Lil Wayne,Right Above It
Usher,Yeah!
Lil Wayne,How To Love
The Chainsmokers,Don't Let Me Down
DJ Snake,Turn Down for What
Selena Gomez,Hands To Myself
OneRepublic,Apologize
Demi Lovato,Confident
Justin Bieber,Company
Chris Brown,Kiss Kiss
Ne-Yo,Let Me Love You (Until You Learn To Love Yourself)
Beyoncé,Crazy In Love
Nicki Minaj,Starships
Major Lazer,Lean On (feat. MØ & DJ Snake)
Ellie Goulding,On My Mind
Usher,Love in This Club
Ed Sheeran,Thinking Out Loud
Selena Gomez,Same Old Love
Mike Posner,I Took A Pill In Ibiza - Seeb Remix
JAY Z,Run This Town
Christina Perri,A Thousand Years
Justin Timberlake,Cry Me a River
Tove Lo,Habits (Stay High)
Trey Songz,Na Na
Jason Derulo,Wiggle (feat. Snoop Dogg)
Drake,Take Care
Natalie La Rose,Somebody
Drake,"Hold On, We're Going Home"
JAY Z,Ni**as In Paris
Kanye West,Stronger
Lorde,Royals
OneRepublic,Counting Stars
JAY Z,Holy Grail
Katy Perry,Roar
Justin Bieber,What Do You Mean?
Ariana Grande,Side To Side
Chris Brown,With You
Sia,Elastic Heart
Maroon 5,Misery
Thomas Rhett,Die A Happy Man
Paramore,The Only Exception
Maroon 5,She Will Be Loved - Radio Mix
Luke Bryan,Strip It Down
Rihanna,Love On The Brain
gnash,"i hate u, i love u (feat. olivia o'brien)"
Maroon 5,This Love
Simon & Garfunkel,The Sounds of Silence - Acoustic Version
Omarion,Post To Be (feat. Chris Brown & Jhene Aiko)
Shania Twain,Man! I Feel Like A Woman!
Big Sean,Moves
Brett Young,In Case You Didn't Know
Daniel Powter,Bad Day
Avril Lavigne,Complicated
Jason Aldean,Big Green Tractor
Rihanna,Needed Me
Kelly Clarkson,Because of You
Nicki Minaj,Only
Ed Sheeran,Perfect
Twenty One Pilots,Car Radio
The Zombies,Time Of The Season (Mono Version)
Sam Hunt,Take Your Time
Lil Uzi Vert,XO TOUR Llif3
Big Sean,No Favors
Fleetwood Mac,Landslide
Ed Sheeran,Lego House
X Ambassadors,Unsteady
The Fray,How to Save a Life
Spice Girls,Wannabe - Radio Edit
Khalid,Location
Eminem,Love The Way You Lie
Niall Horan,Slow Hands
Future,Mask Off
Thomas Rhett,Star Of The Show
Sam Smith,Stay With Me
Britney Spears,...Baby One More Time
Paramore,Still Into You
Fergie,Fergalicious
Chris Young,I'm Comin' Over
Harry Styles,Sign of the Times
Britney Spears,Oops!...I Did It Again
Beyoncé,Halo
2 Chainz,It's A Vibe
The Neighbourhood,Sweater Weather
Paramore,Misery Business
Alessia Cara,Here
Ariana Grande,Dangerous Woman
Plain White T's,Hey There Delilah
Katy Perry,Teenage Dream
Khalid,Saved
Gotye,Somebody That I Used To Know
Miranda Lambert,Mama's Broken Heart
J. Cole,Neighbors
Lady Gaga,Paparazzi
Russ,Losin Control
Childish Gambino,V. 3005
Ed Sheeran,Don't
Sam Hunt,Make You Miss Me
Khalid,Young Dumb & Broke
Twenty One Pilots,House Of Gold
Brett Eldredge,Wanna Be That Song
No Doubt,Don't Speak
Lynyrd Skynyrd,Tuesday's Gone
Billy Currington,Must Be Doin' Somethin' Right
Kanye West,Runaway
Big Sean,Beware
A$AP Rocky,Everyday
Wiz Khalifa,Ass Drop
Taylor Swift,Safe & Sound - from The Hunger Games Soundtrack
Rae Sremmurd,Black Beatles
J. Cole,G.O.M.D.
Tyga,Switch Lanes
Future,Comin Out Strong
A$AP Ferg,Plain Jane
Logic,Flexicution
Kid Ink,Main Chick
The Weeknd,Reminder
Russ,Pull The Trigger
Chance The Rapper,No Problem (feat. Lil Wayne & 2 Chainz)
Snakehips,All My Friends
Lil Uzi Vert,You Was Right
Nelly,The Fix (feat. Jeremih)
Fetty Wap,Jimmy Choo
Travis Scott,through the late night
Kendrick Lamar,XXX. FEAT. U2.
Future,Low Life
YG,Who Do You Love?
Migos,T-Shirt
Drake,Fake Love
Fetty Wap,Wake Up
Post Malone,Candy Paint
Russ,What They Want
Marshmello,Silence
Young Thug,pick up the phone
Logic,1-800-273-8255
ScHoolboy Q,THat Part
French Montana,Lockjaw
Chance The Rapper,Juke Jam (feat. Justin Bieber & Towkio)
Chance The Rapper,Mixtape (feat. Young Thug & Lil Yachty)
Drake,Sneakin’
Kanye West,Champions
The Weeknd,Six Feet Under
Rae Sremmurd,Look Alive
Future,Selfish
PARTYNEXTDOOR,Come and See Me (feat. Drake)
Kevin Gates,Hard For
Drake,Pop Style
Drake,10 Bands
Calvin Harris,Rollin
The Chainsmokers,All We Know
DJ Khaled,For Free
Akon,Right Now (Na Na Na)
The Weeknd,Party Monster
Marc E. Bassy,You & Me
OutKast,Hey Ya! - Radio Mix / Club Mix
Logic,Everybody
Kendrick Lamar,LOYALTY. FEAT. RIHANNA.
Donnie Trumpet & The Social Experiment,Sunday Candy
The Black Eyed Peas,Where Is The Love?
Lil Uzi Vert,Money Longer
Dante Klein,Let Me Hold You (Turn Me On)
Kid Ink,Show Me
Kevin Gates,I Don't Get Tired (#IDGT) [feat. August Alsina]
R. Kelly,Bump n' Grind
Vic Mensa,U Mad
David Guetta,2U (feat. Justin Bieber)
Mike WiLL Made-It,"Gucci On My (feat. 21 Savage, YG & Migos)"
Joey Bada$$,DEVASTATED
Kendrick Lamar,ELEMENT.
Future,F*ck Up Some Commas
Kanye West,Black Skinhead
Kanye West,All Falls Down
Nicki Minaj,Truffle Butter
Big Sean,I Know
Kendrick Lamar,DNA.
Post Malone,Money Made Me Do It
Kevin Gates,2 Phones
French Montana,No Shopping
Lil Uzi Vert,Seven Million (feat. Future)
DJ Snake,Middle
Metro Boomin,No Complaints
DJ Khaled,I Got the Keys
James Bay,Let It Go
Fetty Wap,Again
Macklemore & Ryan Lewis,Can't Hold Us - feat. Ray Dalton
Kendrick Lamar,"Bitch, Don’t Kill My Vibe"
Fetty Wap,Trap Queen
Kevin Gates,Really Really
G-Eazy,Let's Get Lost
Twenty One Pilots,Stressed Out
Drake,Make Me Proud
ZAYN,PILLOWTALK
Bryson Tiller,Exchange
Tory Lanez,LUV
Ty Dolla $ign,"Or Nah (feat. The Weeknd, Wiz Khalifa and DJ Mustard) - Remix"
Meghan Trainor,NO
J. Cole,No Role Modelz
Melanie Martinez,Pity Party
Drake,Too Good
Miley Cyrus,Wrecking Ball
Grace,You Don't Own Me
Miley Cyrus,We Can't Stop
Drake,Controlla
Bryson Tiller,Don't
G-Eazy,"Me, Myself & I"
Jeremih,Don't Tell 'Em
Birdy,Skinny Love
Kid Ink,Promise
Ty Dolla $ign,Saved (feat. E-40)
Beyoncé,If I Were a Boy
Roy Woods,Drama (feat. Drake)
J. Cole,Work Out
Ruth B.,Lost Boy
Jeremih,oui
Zara Larsson,Never Forget You
Post Malone,White Iverson
Shawn Mendes,I Know What You Did Last Summer
G-Eazy,I Mean It
Bryson Tiller,Sorry Not Sorry
The Weeknd,Earned It (Fifty Shades Of Grey)
Adele,Send My Love (To Your New Lover)
Selena Gomez,Kill Em With Kindness
J. Cole,Crooked Smile
Major Lazer,Cold Water (feat. Justin Bieber & MØ)
Kid Cudi,Pursuit Of Happiness (nightmare)
Charlie Puth,One Call Away
Troye Sivan,YOUTH
Flume,Never Be Like You
R. Kelly,Ignition - Remix
Kesha,Your Love Is My Drug
Kid Ink,Be Real
Kelis,Milkshake
Rae Sremmurd,This Could Be Us
Future,Wicked
Dreezy,Body
Jeremih,Planez
Shawn Mendes,Treat You Better
Zara Larsson,Lush Life
B.o.B,Airplanes (feat. Hayley Williams of Paramore) - Explicit Album Version
Kid Cudi,Day 'N' Nite (nightmare)
Drake,Preach
Wale,MY PYT
Kendrick Lamar,Swimming Pools (Drank)
Pia Mia,Do It Again
Post Malone,Go Flex
Tory Lanez,Say It
Rich Homie Quan,Type of Way
Ariana Grande,The Way
Jake Owen,American Country Love Song
Sam Hunt,Leave The Night On
Billy Currington,It Don't Hurt Like It Used To
Chris Lane,Fix
Rascal Flatts,I Like The Sound Of That
Brett Eldredge,Lose My Mind
Keith Urban,"John Cougar, John Deere, John 3:16"
Chris Stapleton,Tennessee Whiskey
Little Big Town,Girl Crush
Dierks Bentley,Black
Dierks Bentley,I Hold On
Eric Church,Record Year
Keith Urban,The Fighter
Eric Church,Kill A Word
Josh Turner,Hometown Girl
Dan + Shay,From the Ground Up
Florida Georgia Line,H.O.L.Y.
Little Big Town,Better Man
Lee Brice,That don't sound like You
David Nail,Night's On Fire
Jon Pardi,Up All Night
Granger Smith,Backroad Song
Dierks Bentley,Say You Do
Eric Church,Drink In My Hand
Kenny Chesney,Save It for a Rainy Day
Thomas Rhett,Vacation
Brett Young,Sleep Without You
Brantley Gilbert,One Hell Of An Amen
Kenny Chesney,American Kids
Frankie Ballard,It All Started with a Beer
Sam Hunt,Ex To See
Kelsea Ballerini,Dibs
Jason Aldean,When She Says Baby
Jason Aldean,Lights Come On
Jason Aldean,Burnin' It Down
Frankie Ballard,Young & Crazy
Cole Swindell,You Should Be Here
Thomas Rhett,Crash And Burn
Canaan Smith,Love You Like That
Luke Bryan,Kick The Dust Up
LOCASH,I Know Somebody
Dierks Bentley,Different For Girls
Carrie Underwood,Church Bells
Old Dominion,Break Up with Him
Jason Aldean,Don't You Wanna Stay
Sam Hunt,Break Up In A Small Town
LOCASH,I Love This Life
Old Dominion,Snapback
Brothers Osborne,Stay A Little Longer
Lee Brice,I Don't Dance
Tim McGraw,Humble And Kind
Jon Pardi,Head Over Boots
Billy Currington,Hey Girl
Jason Aldean,Gonna Know We Were Here
Eric Church,Talladega
Old Dominion,Song for Another Time
Luke Bryan,Home Alone Tonight
Billy Currington,Do I Make You Wanna
Kelsea Ballerini,Peter Pan
Jason Aldean,Take A Little Ride
Lee Brice,I Drive Your Truck
A Thousand Horses,Smoke
Florida Georgia Line,Confession
Michael Ray,Kiss You In The Morning
Luke Bryan,Move
Dustin Lynch,Mind Reader
Chase Rice,Gonna Wanna Tonight
Blake Shelton,Came Here to Forget
Luke Combs,Hurricane
Chris Young,Think of You
Brad Paisley,Perfect Storm
Eric Paslay,Friday Night
Keith Urban,Blue Ain't Your Color
Brett Eldredge,Drunk On Your Love
Cole Swindell,Middle of a Memory
Blake Shelton,She's Got a Way With Words
Cole Swindell,Let Me See Ya Girl
Dan + Shay,Nothin' Like You
Eric Church,Springsteen
Dierks Bentley,Somewhere On A Beach
Brad Paisley,Mud on the Tires
Scotty McCreery,Feelin’ It
Kenny Chesney,Setting the World On Fire
Blake Shelton,A Guy With a Girl
Luke Bryan,"Huntin', Fishin' And Lovin' Every Day"
Brett Eldredge,Mean To Me
Chase Bryant,Little Bit of You
Jason Aldean,The Only Way I Know (with Luke Bryan and Eric Church)
Jason Aldean,Night Train
Florida Georgia Line,Anything Goes
Billy Currington,Good Directions
"Tyler, The Creator",911 / Mr. Lonely
Alabama,Song of the South
George Strait,Check Yes Or No
Easton Corbin,Baby Be My Love Song
Kelsea Ballerini,Yeah Boy
George Strait,Troubadour
Russell Dickerson,Yours
Jason Aldean,Any Ol' Barstool
Brooks & Dunn,Red Dirt Road
Trent Harmon,There’s A Girl
Def Leppard,Rock Of Ages (2012)
Chris Stapleton,Parachute
Josh Turner,Why Don't We Just Dance
Chris Lane,For Her
Dustin Lynch,Small Town Boy
Luke Combs,When It Rains It Pours
Kenny Chesney,Noise
Kenny Chesney,Somewhere With You
Josh Turner,Lay Low
Old Dominion,No Such Thing as a Broken Heart
Cole Swindell,Ain't Worth The Whiskey
Tim McGraw,Something Like That
Cole Swindell,Flatliner (feat. Dierks Bentley)
George Strait,I Got A Car
Brothers Osborne,21 Summer
Dan + Shay,How Not To
Rodney Atkins,Farmer's Daughter
Josh Turner,Would You Go With Me
Keith Urban,Wasted Time
Justin Moore,Lettin' The Night Roll
ScHoolboy Q,Collard Greens
Young M.A,OOOUUU
Playboi Carti,wokeuplikethis*
Drake,Still Here
Rae Sremmurd,Throw Sum Mo
Zay Hilfigerrr,Juju On That Beat (TZ Anthem)
Yellow Claw,In My Room (feat. Ty Dolla $ign & Tyga)
Logic,Black SpiderMan
Young Thug,Wyclef Jean
M City JR,Addicted To My Ex
DJ Snake,Let Me Love You
Rihanna,Sex With Me
T.I.,About the Money
Ludacris,How Low
Kanye West,Fade
Lil Yachty,Peek A Boo
Bankroll Fresh,Walked In
Post Malone,Deja Vu
Usher,I Don't Mind
Tee Grizzley,From The D To The A (feat. Lil Yachty)
T-Pain,Up Down (Do This All Day)
Migos,Slippery (feat. Gucci Mane)
21 Savage,No Heart
Ca$h Out,She Twerkin
Carnage,I Like Tuh
The Weeknd,I Feel It Coming
Rae Sremmurd,By Chance
DJ Mustard,Want Her
Yo Gotti,Down In the DM
Rae Sremmurd,Swang
DJ Esco,Too Much Sauce
Ty Dolla $ign,Blasé (feat. Future & Rae Sremmurd)
Juvenile,Back That Azz Up
Eagles,Lyin' Eyes
6LACK,PRBLMS
Drake,Big Rings
Lil Uzi Vert,Top
PnB Rock,"Horses (with PnB Rock, Kodak Black & A Boogie Wit da Hoodie)"
Wale,Running Back (feat. Lil Wayne)
Justin Bieber,Confident
Lil Yachty,One Night
Lil Uzi Vert,Erase Your Social
Kodak Black,Patty Cake
Rich Homie Quan,"Flex (Ooh, Ooh, Ooh)"
Ty Dolla $ign,Wavy (feat. Joe Moses)
Meek Mill,R.I.C.O. (feat. Drake)
Drake,HYFR (Hell Ya Fucking Right)
Nebu Kiniza,Gassed Up
Carnage,Bricks
Fetty Wap,RGF Island
ScHoolboy Q,THat Part - Black Hippy Remix
Drake,Childs Play
21 Savage,X (feat. Future)
NAV,Some Way
MadeinTYO,I Want (feat. 2 Chainz)
Young Thug,Hercules
Jeremih,Down On Me
2 Chainz,Good Drank
YG,Why You Always Hatin?
Kodak Black,Tunnel Vision
PARTYNEXTDOOR,Recognize (feat. Drake)
Jidenna,Classic Man
Drake,Diamonds Dancing
Peter Frampton,"Baby, I Love Your Way - Live"
A Boogie Wit da Hoodie,My Shit
Bubba Sparxxx,Ms. New Booty - feat. Ying Yang Twins and Mr. ColliPark
JAY Z,Tom Ford
K CAMP,Comfortable
A$AP Mob,Yamborghini High
21 Savage,Red Opps
Lil Dicky,$ave Dat Money (feat. Fetty Wap & Rich Homie Quan)
Migos,Kelly Price (feat. Travis Scott)
DJ Snake,You Know You Like It
J. Cole,Foldin Clothes
The Notorious B.I.G.,Hypnotize - 2014 Remastered Version
Calvin Harris,Feel So Close - Radio Edit
Drake,Portland
Jason Aldean,Hicktown
OneRepublic,Wherever I Go
Portugal. The Man,Feel It Still
Eminem,Without Me
Fifth Harmony,All In My Head (Flex)
Maroon 5,Don't Wanna Know (feat. Kendrick Lamar)
OMI,Cheerleader - Felix Jaehn Remix Radio Edit
Disclosure,You & Me - Flume Remix
Chance The Rapper,Angels (feat. Saba)
Rudimental,Lay It All On Me (feat. Ed Sheeran)
Jess Glynne,Hold My Hand
Tyga,Faded
Future,Stick Talk
Robin Schulz,Sugar (feat. Francesco Yates)
Mike Perry,The Ocean
Lil Uzi Vert,Do What I Want
Cherub,Doses & Mimosas
Fat Joe,What's Luv? (feat. Ja-Rule & Ashanti) - Featuring Ja-Rule & Ashanti Explicit Album Version
The Weeknd,Starboy
Snoop Dogg,Gin And Juice (feat. Dat Nigga Daz)
Kesha,Die Young
YG,My Nigga
Salva,Old English
Action Bronson,Baby Blue (feat. Chance the Rapper)
Twenty One Pilots,Ride
A$AP Ferg,Shabba
Eminem,Shake That
Eminem,The Real Slim Shady
M.I.A.,Paper Planes
Kendrick Lamar,King Kunta
Kanye West,Famous
Sage The Gemini,Red Nose
50 Cent,21 Questions
Cassie,Me & U
Sage The Gemini,Now and Later
French Montana,Unforgettable
Sia,Cheap Thrills
Calvin Harris,Blame
Flume,Say It
Chance The Rapper,Smoke Break (feat. Future)
DJ Khaled,Wild Thoughts
OutKast,Roses
Belinda Carlisle,Heaven Is A Place On Earth
J-Kwon,Tipsy - Club Mix
Panic! At The Disco,Hallelujah
Van Halen,Jump - 2015 Remastered Version
Journey,Don't Stop Believin'
Bon Jovi,Wanted Dead Or Alive
D12,My Band
Panic! At The Disco,I Write Sins Not Tragedies
Linkin Park,Numb
Guns N' Roses,Paradise City
Lupe Fiasco,Battle Scars
Sia,Chandelier
Disclosure,Latch
Jason Mraz,I'm Yours
Adele,Set Fire to the Rain
Omarion,Ice Box
The Black Eyed Peas,I Gotta Feeling
Eminem,Lose Yourself - Soundtrack Version
Gym Class Heroes,Stereo Hearts (feat. Adam Levine) - feat. Adam Levine
Deniece Williams,Let's Hear It for the Boy
Eminem,Mockingbird
R. City,Locked Away
Destiny's Child,Say My Name
Kanye West,Heartless
Hozier,Take Me To Church
Nelly,Dilemma
Echosmith,Cool Kids
SoMo,Ride
Kansas,Carry on Wayward Son
Ray J,Sexy Can I feat. Yung Berg
Nelly,Country Grammar (Hot Shit)
Panic! At The Disco,The Ballad Of Mona Lisa
Carrie Underwood,Something in the Water
Survivor,Eye of the Tiger
Fall Out Boy,Centuries
Ariana Grande,Love Me Harder
Blackstreet,No Diggity
Panic! At The Disco,This Is Gospel
Jason Derulo,Trumpets
Blue Öyster Cult,(Don't Fear) The Reaper
The Script,Breakeven
Boys Like Girls,The Great Escape
The Black Eyed Peas,Boom Boom Pow
The Mowgli's,San Francisco
Backstreet Boys,I Want It That Way
Youngbloodz,Snap Yo Fingers
Jason Mraz,I Won't Give Up
Adele,Rolling in the Deep
Live,Lightning Crashes
Nickelback,How You Remind Me - LP Mix
Eminem,The Monster
Kendrick Lamar,Swimming Pools (Drank) - Extended Version
Nelly,Hot In Herre
Kelly Rowland,Motivation
Nick Jonas,Chains
Mario,Let Me Love You
Eminem,Rap God
Led Zeppelin,Stairway To Heaven
Destiny's Child,Survivor
Train,"Hey, Soul Sister"
Kendrick Lamar,Poetic Justice
Nicki Minaj,Moment 4 Life
TLC,No Scrubs
Maroon 5,Animals
Lady Antebellum,Bartender
Adele,Someone Like You
Bad Meets Evil,Lighters
Lil Wayne,Drop The World
112,Peaches & Cream (feat. P. Diddy)
Bon Jovi,Livin' On A Prayer
Nickelback,If Today Was Your Last Day
Natasha Bedingfield,Unwritten
Ozzy Osbourne,Crazy Train - Remastered
J. Cole,Power Trip
Tommy Tutone,867-5309 / Jenny
Billy Joel,Piano Man
Def Leppard,Pour Some Sugar On Me (2012)
The Beatles,Twist And Shout - Remastered 2009
Tears For Fears,Everybody Wants To Rule The World
Journey,Separate Ways (Worlds Apart)
AC/DC,T.N.T.
Jimi Hendrix,Purple Haze
AC/DC,Thunderstruck
Tom Petty,Runnin' Down A Dream
Whitesnake,Here I Go Again
John Mellencamp,Jack & Diane
Boston,Peace of Mind
Creedence Clearwater Revival,Up Around The Bend
Pink Floyd,Money
Fleetwood Mac,Go Your Own Way - 2004 Remastered Edition
Eric Clapton,Cocaine
The Who,Who Are You
Beyoncé,Sweet Dreams
Thin Lizzy,The Boys Are Back In Town
Led Zeppelin,Good Times Bad Times
The Rolling Stones,Start Me Up - Remastered
Led Zeppelin,Whole Lotta Love
Elton John,Rocket Man (I Think It's Going To Be A Long Long Time)
The Rolling Stones,Paint It Black
Cutting Crew,(I Just) Died in Your Arms
Led Zeppelin,Ramble On
Foreigner,Juke Box Hero
Guns N' Roses,Sweet Child O' Mine
Bachman-Turner Overdrive,You Ain't Seen Nothing Yet
Lynyrd Skynyrd,Free Bird
The Beach Boys,Good Vibrations
Jimi Hendrix,All Along the Watchtower
Van Halen,Panama - 2015 Remastered Version
Men At Work,Down Under
Creedence Clearwater Revival,Fortunate Son
Eagles,Hotel California - Remastered
Creedence Clearwater Revival,Bad Moon Rising
Steve Miller Band,Rock'n Me
Blue Swede,Hooked on a Feeling
Whitney Houston,I Wanna Dance with Somebody (Who Loves Me)
The Human League,Don't You Want Me - 2002 - Remaster
The Police,Every Breath You Take - Remastered 2003
Daryl Hall & John Oates,Rich Girl
AC/DC,Highway to Hell
"Earth, Wind & Fire",September
Culture Club,Karma Chameleon - 2002 - Remaster
Phil Collins,In The Air Tonight - 2015 Remastered
The Clash,Should I Stay or Should I Go - Remastered
Dexys Midnight Runners,Come On Eileen
Buffalo Springfield,For What It's Worth
Boston,More Than a Feeling
Haddaway,What Is Love
The Animals,House Of The Rising Sun
Queen,Bohemian Rhapsody - Remastered 2011
The Rolling Stones,(I Can't Get No) Satisfaction - Mono Version / Remastered 2002
R.E.M.,Losing My Religion
The Doobie Brothers,Listen To The Music
Mötley Crüe,Kickstart My Heart
Neil Diamond,Sweet Caroline
Billy Joel,We Didn't Start the Fire
Kenny Loggins,Danger Zone
Elton John,Tiny Dancer
Toto,Hold the Line
Elton John,Crocodile Rock
Stealers Wheel,Stuck In The Middle With You
Starship,We Built This City
The Marshall Tucker Band,Can't You See
Lynyrd Skynyrd,Simple Man
Bryan Adams,Summer Of '69
Queen,Another One Bites The Dust - Remastered 2011
Aerosmith,"I Don't Want to Miss a Thing - From the Touchstone film, ""Armageddon"""
The Doobie Brothers,Long Train Runnin'
Led Zeppelin,Kashmir
Norman Greenbaum,Spirit In The Sky
The Doors,Light My Fire
Tom Petty and the Heartbreakers,American Girl
Pink Floyd,"Another Brick in the Wall, Pt. 2"
Pink Floyd,Wish You Were Here
Rick Springfield,Jessie's Girl
Queen,Under Pressure - Remastered 2011
The Rolling Stones,Gimme Shelter
Beastie Boys,Sabotage
Wild Cherry,Play That Funky Music
AC/DC,You Shook Me All Night Long
Electric Light Orchestra,Mr. Blue Sky
38 Special,Hold On Loosely
The Beatles,Hey Jude - Remastered 2015
Eddie Money,Take Me Home Tonight
The Beatles,Come Together - Remastered
Creedence Clearwater Revival,Down On The Corner
Rick Astley,Never Gonna Give You Up
Styx,Come Sail Away
Electric Light Orchestra,Don't Bring Me Down
Frankie Valli & The Four Seasons,"December, 1963 (Oh What A Night!)"
Johnny Cash,Hurt
Toto,Africa
Creedence Clearwater Revival,Have You Ever Seen The Rain?
Bee Gees,Stayin' Alive
Steppenwolf,Born To Be Wild
The J. Geils Band,Centerfold
a-ha,Take On Me
John Denver,"Take Me Home, Country Roads"
Dire Straits,Sultans Of Swing
Eurythmics,Sweet Dreams (Are Made of This) - Remastered
The Outfield,Your Love
Pink Floyd,Comfortably Numb
Simple Minds,Don't You (Forget About Me)
Asia,Heat Of The Moment
Billy Squier,Lonely Is The Night - 2010 - Remaster
Twisted Sister,I Wanna Rock
The Police,Roxanne - Remastered 2003
Black Sabbath,Paranoid - Remastered Version
Derek & The Dominos,Layla - 40th Anniversary Version / 2010 Remastered
Led Zeppelin,Black Dog
Queen,We Will Rock You - Remastered
Steve Miller Band,The Joker
Metallica,Enter Sandman
Bon Jovi,It's My Life
Guns N' Roses,Knockin' On Heaven's Door
The Allman Brothers Band,Ramblin' Man
Queen,Killer Queen - Remastered 2011
Queen,Somebody To Love - Remastered 2011
Guns N' Roses,Welcome To The Jungle
Bon Jovi,You Give Love A Bad Name
ZZ Top,La Grange - 2005 Remastered Version
Queen,Don't Stop Me Now - Remastered
Stevie Wonder,Superstition - Single Version
Sigala,Easy Love
Black Sabbath,Iron Man - Remastered Version
Warrant,Cherry Pie
The Who,Won't Get Fooled Again - Remix
Led Zeppelin,Immigrant Song
The Police,Message In A Bottle - Remastered 2003
Bad Company,Feel Like Makin' Love - 2015 Remastered Version
KISS,Rock And Roll All Nite
Deep Purple,Smoke On the Water
The Allman Brothers Band,Midnight Rider
Ram Jam,Black Betty
Van Halen,Runnin' With The Devil - 2015 Remastered Version
Mötley Crüe,Dr. Feelgood
The Cranberries,Zombie
Rush,Limelight
Styx,Renegade
Cream,Sunshine Of Your Love
Black Sabbath,War Pigs/Luke's Wall - Remastered Version
ILoveMakonnen,Tuesday (feat. Drake)
Drake,Right Hand
Young Money,Trophies
Lil Wayne,Believe Me
Drake,Jungle
Drake,Fancy
Drake,Under Ground Kings
Drake,Signs
Drake,Sacrifices
Drake,No Tellin'
Cher,Believe
Drake,Forever
French Montana,Pop That
George Ezra,Barcelona
Future,Where Ya At
Drake,I'm The Plug
Drake,I'm Goin In
Drake,6 Man
Drake,Over
Drake,Find Your Love
Drake,Gyalchester
Drake,Used To
Drake,Headlines
Drake,Summer Sixteen
Drake,Worst Behavior
Drake,Free Smoke
Drake,Blem
Drake,Energy
Drake,Marvins Room
Nicki Minaj,No Frauds
Drake,9
2 Chainz,No Lie
Drake,The Language
The Game,100 (feat. Drake)
Drake,Up All Night
Drake,Scholarships
Drake,Grammys
Drake,From Time
Drake,Crew Love
Drake,Legend
Drake,Feel No Ways
Future,Used to This
Drake,Know Yourself
Drake,All Me
Drake,Do Not Disturb
Drake,Ice Melts
Drake,Teenage Fever
Drake,6 God
Drake,Passionfruit
Drake,Hype
Kent Jones,Don't Mind
Big Sean,Paradise
Logic,Fade Away
2 Chainz,4 AM
Kanye West,Only One
A$AP Ferg,New Level
XXXTENTACION,Look At Me!
Young Thug,Best Friend
Marian Hill,Down
Kendrick Lamar,Money Trees
Yo Gotti,Rake It Up
Tee Grizzley,First Day Out
Chance The Rapper,All We Got (feat. Kanye West & Chicago Children's Choir)
Kodak Black,Roll In Peace (feat. XXXTENTACION)
Silentó,Watch Me (Whip / Nae Nae)
Big Sean,Blessings
Big Sean,All Your Fault
Big Sean,Paradise - Extended
Future,Trap Niggas
Kodak Black,Transportin'
DeJ Loaf,Back Up
Eminem,Berzerk
J. Cole,She Knows
O.T. Genasis,CoCo
Big Sean,One Man Can Change The World
J. Cole,Love Yourz
Rodney Atkins,Take A Back Road
Luke Bryan,I Don't Want This Night to End
Jake Owen,Beachin'
Chris Young,Who I Am With You
Florida Georgia Line,Round Here
Lee Brice,Hard To Love
Luke Bryan,That's My Kind Of Night
Tim McGraw,Southern Girl
Luke Bryan,Drunk On You
Tim McGraw,Meanwhile Back At Mama's
Chase Rice,Ready Set Roll
Luke Bryan,I See You
Keith Urban,Somewhere In My Car
Blake Shelton,Sangria
Hunter Hayes,I Want Crazy - Encore
Florida Georgia Line,"God, Your Mama, And Me"
Thomas Rhett,It Goes Like This
Keith Urban,Cop Car
Jake Owen,Barefoot Blue Jean Night
Joe Nichols,Yeah
Brett Eldredge,Beat Of The Music
Luke Bryan,Crash My Party
Florida Georgia Line,Get Your Shine On
David Nail,Whatever She's Got
Jason Aldean,Dirt Road Anthem
Lee Brice,Drinking class
Maren Morris,80s Mercedes
Rascal Flatts,Bless The Broken Road
Tyler Farr,A Guy Walks into a Bar
Billy Currington,Don't It
Kelsea Ballerini,Love Me Like You Mean It
Little Big Town,Day Drinking
Cole Swindell,Chillin' It
Little Big Town,Boondocks
Lee Brice,Parking Lot Party
Florida Georgia Line,Dirt
Frankie Ballard,Sunshine & Whiskey
Florida Georgia Line,Sippin’ On Fire
Tim McGraw,Highway Don't Care
Brantley Gilbert,Bottoms Up
Tyler Farr,Whiskey in My Water
Sam Hunt,Raised On It
Brad Paisley,Crushin' It
Dustin Lynch,Where It's At
Blake Shelton,Boys 'Round Here (feat. Pistol Annies & Friends)
Chris Young,Lonely Eyes
Luke Bryan,Roller Coaster
Thomas Rhett,Make Me Wanna
Carrie Underwood,Blown Away
Luke Bryan,Play It Again
RaeLynn,Love Triangle
Eric Church,Give Me Back My Hometown
Luke Bryan,Drink A Beer
Cam,Burning House
Hunter Hayes,Wanted
Tim McGraw,Shotgun Rider
Florida Georgia Line,Stay
Randy Houser,How Country Feels
Jake Owen,Real Life
Brett Eldredge,Don't Ya
Thomas Rhett,Get Me Some Of That
Joe Nichols,Tequila Makes Her Clothes Fall Off
Billy Currington,We Are Tonight
Dustin Lynch,Hell Of A Night
Josh Turner,Your Man
Blake Shelton,Neon Light
Toby Keith,Made In America
Billy Currington,People Are Crazy
Rodney Atkins,Watching You
Kip Moore,Somethin' 'Bout A Truck
Frankie Ballard,Helluva Life
Toby Keith,I Love This Bar
Kenny Chesney,Pirate Flag
Kip Moore,Beer Money
Cole Swindell,Hope You Get Lonely Tonight
Chris Young,Aw Naw
Miranda Lambert,Somethin' Bad - (Duet with Carrie Underwood)
Darius Rucker,Homegrown Honey
Darius Rucker,Alright
Dierks Bentley,5-1-5-0
Randy Houser,Goodnight Kiss
Easton Corbin,All Over The Road
Toby Keith,As Good As I Once Was
Jason Aldean,Tattoos on This Town
Zac Brown Band,Free
Jason Aldean,Fly Over States
Dierks Bentley,What Was I Thinkin'
Florida Georgia Line,Cruise
Jerrod Niemann,Drink to That All Night
Chris Young,You
Jason Aldean,My Kinda Party
Love and Theft,Angel Eyes
Randy Houser,Runnin' Outta Moonlight
Scotty McCreery,See You Tonight
Jake Owen,Anywhere With You
The Bangles,Walk Like an Egyptian
JAY Z,No Church In The Wild
Young Thug,Check
Kodak Black,Too Many Years
Lil Wayne,A Milli
O.T. Genasis,Cut It (feat. Young Dolph)
Lil Wayne,Rich As Fuck
The Game,How We Do
ScHoolboy Q,Man Of The Year
Chief Keef,I Don't Like (Remix)
OutKast,The Way You Move - Club Mix
Kendrick Lamar,A.D.H.D
Wiz Khalifa,King Of Everything
A$AP Rocky,Lord Pretty Flacko Jodye 2 (LPFJ2)
Juicy J,Bandz A Make Her Dance
Jim Croce,"Bad, Bad Leroy Brown"
DMX,Where The Hood At
ScHoolboy Q,Studio
Lil Jon & The East Side Boyz,Get Low - Street
DMX,X Gon' Give It To Ya
Tyga,Rack City
Bobby Shmurda,Hot N*gga
Kodak Black,Skrt
Vince Staples,Norf Norf
Kanye West,Pt. 2
Kanye West,Monster
Future,Xanny Family
A$AP Rocky,Goldie
A$AP Rocky,Electric Body
Kendrick Lamar,m.A.A.d city
Kendrick Lamar,Backseat Freestyle
Chief Keef,Hate Bein' Sober
2Pac,Ambitionz Az A Ridah
Future,Thought It Was a Drought
The Notorious B.I.G.,Big Poppa
Kanye West,POWER
Chief Keef,Love Sosa
Akon,I Wanna Love You
OutKast,Ms. Jackson
50 Cent,In Da Club
Travis Scott,Butterfly Effect
JAY Z,Who Gon Stop Me
Kodak Black,No Flockin
A$AP Ferg,Work REMIX
Migos,Fight Night
Kanye West,Ultralight Beam
50 Cent,Candy Shop
Dan + Shay,19 You + Me
LMFAO,Party Rock Anthem
Aloe Blacc,The Man
David Guetta,Where Them Girls At (feat. Nicki Minaj & Flo Rida) - feat. Nicki Minaj & Flo Rida
DJ Khaled,All I Do Is Win
Parmalee,Carolina
Creedence Clearwater Revival,Born On The Bayou
Eli Young Band,Even If It Breaks Your Heart
Meghan Trainor,Lips Are Movin
5 Seconds of Summer,She Looks So Perfect
David Guetta,"Hey Mama (feat. Nicki Minaj, Bebe Rexha & Afrojack)"
Elle King,Ex's & Oh's
Katy Perry,The One That Got Away
Macklemore & Ryan Lewis,Thrift Shop (feat. Wanz)
Avicii,Wake Me Up - Radio Edit
One Direction,Story of My Life
Swedish House Mafia,Don't You Worry Child (Radio Edit) [feat. John Martin]
Flo Rida,Wild Ones (feat. Sia)
Demi Lovato,Cool for the Summer
Demi Lovato,Heart Attack
Bastille,Pompeii
Andy Grammer,"Honey, I'm Good."
MKTO,Classic
Capital Cities,Safe And Sound
Zedd,I Want You To Know
Phillip Phillips,"Gone, Gone, Gone"
Avicii,Hey Brother
Luke Bryan,Kiss Tomorrow Goodbye
Alesso,Heroes (we could be)
Carly Rae Jepsen,Call Me Maybe
Iggy Azalea,Fancy
Jack Ü,Where Are Ü Now (with Justin Bieber)
Meghan Trainor,All About That Bass
Neon Trees,Everybody Talks
Taylor Swift,Shake It Off
Eli Young Band,Crazy Girl
Phillip Phillips,Home
Cher Lloyd,Want U Back
"Earth, Wind & Fire",Let's Groove
Coldplay,A Sky Full of Stars
John Legend,Love Me Now
Sam Smith,Like I Can
alt-J,Breezeblocks
Sam Smith,Lay Me Down
John Legend,All of Me
Vance Joy,Riptide
Sam Smith,I'm Not The Only One
Kygo,Nothing Left
Ed Sheeran,The A Team
Lady Gaga,Million Reasons
Kygo,Firestone
Bon Iver,Skinny Love
Ed Sheeran,I See Fire
Trey Songz,Slow Motion
One Direction,Drag Me Down
Milky Chance,Stolen Dance
ZAYN,"I Don’t Wanna Live Forever (Fifty Shades Darker) - From ""Fifty Shades Darker (Original Motion Picture Soundtrack)"""
Nick Jonas,Close
Julia Michaels,Issues
Red Hot Chili Peppers,Can't Stop
Leona Lewis,Bleeding Love
Ed Sheeran,Photograph
Frank Ocean,Ivy
Coldplay,Adventure Of A Lifetime
One Direction,History
Baby Bash,Suga Suga
Rihanna,FourFiveSeconds
Miguel,Adorn
Miguel,Sure Thing
John Legend,Ordinary People
Jon Bellion,All Time Low
Lukas Graham,7 Years
Coldplay,Fix You
Rihanna,Stay - Album Version (Edited)
Coldplay,Hymn For The Weekend
Hozier,Someone New
Zac Brown Band,Colder Weather
The Lumineers,Ophelia
Brad Paisley,This Is Country Music
Zac Brown Band,Whatever It Is
The Black Crowes,Hard To Handle
Thompson Square,Are You Gonna Kiss Me Or Not
Dustin Lynch,Cowboys and Angels
Kip Moore,Hey Pretty Girl
J. Cole,She's Mine Pt. 1
Blake Shelton,Honey Bee
Joe Nichols,Sunny and 75
Gary Allan,Every Storm (Runs Out Of Rain)
Tim McGraw,"I Like It, I Love It"
Keith Urban,Raise 'Em Up
Jason Aldean,She's Country
Luke Bryan,Rain Is a Good Thing
Blake Shelton,Sure Be Cool If You Did
Eric Paslay,Song About A Girl
Blake Shelton,God Gave Me You
A$AP Mob,Telephone Calls
Mac Miller,Weekend (feat. Miguel)
Eminem,'Till I Collapse
Rihanna,Umbrella
Childish Gambino,IV. sweatpants
Denzel Curry,Ultimate
Chance The Rapper,Same Drugs
Bell Biv DeVoe,Poison
David Guetta,Memories (feat. Kid Cudi) - feat. Kid Cudi
Machine Gun Kelly,Bad Things (with Camila Cabello)
A$AP Rocky,L$D
Chance The Rapper,Blessings
ScHoolboy Q,Hands On The Wheel
JAY Z,Numb / Encore
J. Cole,A Tale of 2 Citiez
A$AP Rocky,Wild for the Night
J. Cole,Immortal
Kanye West,Heard 'Em Say
G-Eazy,Some Kind Of Drug
Halsey,New Americana
Kodaline,All I Want
"Tyler, The Creator",Yonkers
Weezer,Buddy Holly
Green Day,When I Come Around
Taylor Swift,Look What You Made Me Do
Post Malone,I Fall Apart
Rihanna,SOS
Beyoncé,Best Thing I Never Had
Kendrick Lamar,Alright
Green Day,Wake Me Up When September Ends
blink-182,What's My Age Again?
MGMT,Kids
mansionz,STFU
Fugees,Killing Me Softly with His Song
Grouplove,Colours
Arctic Monkeys,Do I Wanna Know?
Foster The People,Pumped Up Kicks
MisterWives,Reflections
Cage The Elephant,Cigarette Daydreams
Macklemore & Ryan Lewis,"White Walls (feat. ScHoolboy Q, Hollis)"
Miley Cyrus,7 Things
Lorde,Green Light
Ed Sheeran,Happier
Ed Sheeran,Castle on the Hill
Oasis,Champagne Supernova - Remastered
Green Day,Good Riddance (Time of Your Life)
Green Day,Basket Case
XXXTENTACION,Jocelyn Flores
Bleachers,I Wanna Get Better
Grouplove,Tongue Tied
The 1975,Somebody Else
Green Day,21 Guns
Halsey,Colors
Rihanna,Take A Bow - Main
blink-182,All The Small Things
Alice In Chains,Rooster
Jonas Blue,Fast Car
Maroon 5,Sunday Morning
Dua Lipa,New Rules
blink-182,I Miss You
Afroman,Crazy Rap (Colt 45 & 2 Zig Zags)
Beck,Loser
Lorde,Tennis Court
Miley Cyrus,Malibu
Twenty One Pilots,Tear In My Heart
Drake,4422
Green Day,American Idiot
blink-182,Adam's Song
Mac Miller,Knock Knock
Beyoncé,7/11
Halsey,Now Or Never
The Weeknd,Wicked Games
The Smashing Pumpkins,1979
The Offspring,Self Esteem
Calum Scott,Dancing On My Own
Beyoncé,Run the World (Girls)
blackbear,Idfc
Miley Cyrus,Do My Thang
Green Day,Holiday/Boulevard Of Broken Dreams
Avril Lavigne,What the Hell
OneRepublic,Feel Again
fun.,Carry On
Mumford & Sons,I Will Wait
Clean Bandit,Rather Be (feat. Jess Glynne)
Imagine Dragons,It's Time
Mumford & Sons,The Cave
P!nk,So What
fun.,Some Nights
American Authors,Best Day Of My Life
Maroon 5,One More Night
Kelly Clarkson,Stronger (What Doesn't Kill You)
Twenty One Pilots,The Run And Go
The Lumineers,Stubborn Love
Yellowcard,Ocean Avenue
Of Monsters and Men,Little Talks
Maroon 5,Payphone
Grouplove,Ways To Go
George Ezra,Budapest
WALK THE MOON,Anna Sun
The Lumineers,Dead Sea
Train,Drops of Jupiter
P!nk,Just Give Me a Reason
Gavin DeGraw,Not Over You
Imagine Dragons,Demons
fun.,We Are Young (feat. Janelle Monáe) - feat. Janelle Monae
King Harvest,Dancing In The Moonlight
OneRepublic,I Lived
AWOLNATION,Sail
The Lumineers,Ho Hey
Kelly Clarkson,Breakaway
Tom Petty,I Won't Back Down
Beyoncé,Love On Top
Charlie Puth,Marvin Gaye (feat. Wale) - Remix
Train,Meet Virginia
The Lumineers,Flowers In Your Hair
Lou Bega,Mambo No. 5 (A Little Bit of...)
Mumford & Sons,Little Lion Man
One Direction,What Makes You Beautiful
Flume,Sleepless
Zedd,Stay The Night - Featuring Hayley Williams Of Paramore
Kane Brown,What Ifs
John Mayer,Free Fallin' - Live at the Nokia Theatre
Rascal Flatts,Yours If You Want It
Darius Rucker,If I Told You
Tim McGraw,Where The Green Grass Grows
Rascal Flatts,Rewind
Lee Brice,Love Like Crazy
Rascal Flatts,My Wish
Kenny Chesney,I Go Back
Phoenix,1901
My Chemical Romance,Teenagers
Passion Pit,Sleepyhead
AC/DC,Back In Black
NexXthursday,Sway (feat. Quavo & Lil Yachty)
Weezer,Say It Ain't So
YFN Lucci,Everyday We Lit (feat. PnB Rock)
Tove Lo,Habits (Stay High) - Hippie Sabotage Remix
Rihanna,We Found Love
Modest Mouse,Float On
Calvin Harris,My Way
Curren$y,Bottom of the Bottle (feat. August Alsina & Lil Wayne)
Demi Lovato,Sorry Not Sorry
LMFAO,Shots
Charlie Puth,Attention
Chris Brown,New Flame
Selena Gomez,Bad Liar
A R I Z O N A,Oceans Away
Coolio,Gangsta's Paradise
Kelly Clarkson,Behind These Hazel Eyes
Don McLean,American Pie
Empire of the Sun,Walking On A Dream
Billy Joel,Uptown Girl
Kings of Leon,Sex on Fire
Tinashe,2 On
BØRNS,Electric Love
Blur,Song 2 - 2012 Remastered Version
Hailee Steinfeld,Starving
Jimmy Eat World,The Middle
Sheppard,Geronimo
Jet,Are You Gonna Be My Girl
Matt and Kim,Daylight
Heart,Barracuda
MGMT,Electric Feel
Travis Scott,beibs in the trap
Playboi Carti,Magnolia
The Killers,Mr. Brightside
Gucci Mane,I Get The Bag (feat. Migos)
MadeinTYO,Skateboard P (feat. Big Sean)
Galantis,Runaway (U & I)
Lil Uzi Vert,The Way Life Goes (feat. Oh Wonder)
Kendrick Lamar,LOVE. FEAT. ZACARI.
Young Thug,Relationship (feat. Future)
PnB Rock,Selfish
Rae Sremmurd,Perplexing Pegasus
Kodak Black,There He Go
Kid Cudi,Just What I Am
A$AP Mob,RAF
XXXTENTACION,Fuck Love (feat. Trippie Redd)
Jason Derulo,Swalla (feat. Nicki Minaj & Ty Dolla $ign)
Bruno Mars,24K Magic
Beyoncé,Partition
Big Sean,Jump Out The Window
Migos,Get Right Witcha
Post Malone,Too Young
Justin Bieber,Friends (with BloodPop®)
Migos,Brown Paper Bag
Pearl Jam,Black
6LACK,Ex Calling
T-Pain,I'm N Luv (Wit a Stripper)
Lil Pump,Gucci Gang
Frank Ocean,Thinkin Bout You
21 Savage,Bank Account
NAV,Myself
Lil Uzi Vert,Sauce It Up
22 Savage,The Race
Lil Pump,Flex Like Ouu
SZA,Love Galore
Travis Scott,wonderful
DJ Khaled,Don't Quit
Supertramp,The Logical Song - Remastered 2010
Ludacris,My Chick Bad
Sean Paul,Get Busy
Far East Movement,Like A G6
Trey Songz,Say Aah - feat. Fabolous
Ciara,"One, Two Step"
Tim Legend,Hope
Busta Rhymes,Don't Cha
Beyoncé,Countdown
Justin Timberlake,Suit & Tie
Nelly Furtado,Promiscuous
Missy Elliott,Lose Control (feat. Ciara & Fat Man Scoop)
Beyoncé,Irreplaceable
The Notorious B.I.G.,Mo Money Mo Problems (feat. Mase & Puff Daddy) - 2014 Remastered Version
Jeremih,Birthday Sex
The Black Eyed Peas,Pump It
Ne-Yo,So Sick
Ciara,Goodies
The Black Eyed Peas,Just Can’t Get Enough
Fergie,London Bridge
Kanye West,Mercy
50 Cent,Disco Inferno
Chris Brown,Strip
Cali Swag District,Teach Me How to Dougie
Huey,"Pop, Lock & Drop It - Video Edit"
M83,Midnight City
Missy Elliott,Work It
Usher,My Boo
Vanessa Carlton,A Thousand Miles
Rihanna,Only Girl (In The World)
OneRepublic,Secrets
Sean Paul,Temperature
MC Hammer,U Can't Touch This
Gwen Stefani,Rich Girl
JAY Z,Empire State Of Mind
Childish Gambino,Heartbeat
Gwen Stefani,Hollaback Girl
Jason Derulo,Ridin' Solo
Alicia Keys,If I Ain't Got You
Ne-Yo,Miss Independent
Jay Sean,Down
Lil Mama,Lip Gloss
Mariah Carey,We Belong Together
Rihanna,Diamonds
Panic! At The Disco,LA Devotee
Sean Kingston,Beautiful Girls
Iyaz,Replay
Destiny's Child,"Jumpin', Jumpin'"
Keri Hilson,Knock You Down
B.o.B,Nothin' On You (feat. Bruno Mars)
Gnarls Barkley,Crazy
Bruno Mars,Treasure
Alicia Keys,Fallin'
J. Cole,Fire Squad
G-Eazy,Calm Down
The Notorious B.I.G.,Juicy
G-Eazy,Order More
N.W.A.,Fuck Tha Police
Michael Jackson,Rock with You - Single Version
Childish Gambino,I. the worst guys
J. Cole,Apparently
Meek Mill,Litty (feat. Tory Lanez)
Wiz Khalifa,Pull Up (feat. Lil Uzi Vert)
Big Sean,Dance (A$$)
Coldplay,Hymn For The Weekend - Seeb Remix
The Game,Ali Bomaye
T.I.,No Mediocre
Carly Rae Jepsen,I Really Like You
Hailee Steinfeld,Love Myself
Shawn Mendes,There's Nothing Holdin' Me Back
Fetty Wap,My Way (feat. Monty)
Ying Yang Twins,Salt Shaker
Katy Perry,Chained To The Rhythm
Mike WiLL Made-It,23
Meghan Trainor,Me Too
Rae Sremmurd,Come Get Her
Nicki Minaj,Feeling Myself
T-Pain,Booty Wurk (One Cheek At a Time)
Rihanna,Birthday Cake
Cheat Codes,Sex
Petey Pablo,Freek-A-Leek
50 Cent,Just A Lil Bit
Flo Rida,Right Round - feat. Ke$ha
JAY Z,99 Problems
Justin Bieber,One Time
Akon,Beautiful
Katy Perry,Last Friday Night (T.G.I.F.)
*NSYNC,Tearin' up My Heart - Radio Edit
*NSYNC,It's Gonna Be Me
T.I.,Dead And Gone (feat. Justin Timberlake)
T-Wayne,Nasty Freestyle
Jason Derulo,It Girl
Fergie,Glamorous
Blake Shelton,Mine Would Be You
Taio Cruz,Dynamite
Coldplay,Viva La Vida
Wiz Khalifa,We Dem Boyz
Jason Derulo,In My Head
*NSYNC,Bye Bye Bye
T.I.,Whatever You Like
Tyga,Molly
Mac Miller,Loud
Kesha,TiK ToK
Ariana Grande,Be Alright
Avril Lavigne,Here's to Never Growing Up
Soulja Boy,Crank That (Soulja Boy)
Avril Lavigne,Sk8er Boi
Lil Wayne,No Worries
Lil Wayne,Mirror
Jason Derulo,Whatcha Say
Lady Gaga,Just Dance
Usher,OMG
Rihanna,S&M
Lil Wayne,Blunt Blowin
Nelly,Just A Dream - Main
David Guetta,Without You (feat. Usher) - feat. Usher
Kid Ink,Body Language
Rihanna,Don't Stop The Music
Rihanna,Talk That Talk
OneRepublic,Good Life
Travie McCoy,Billionaire (feat. Bruno Mars)
Missy Elliott,Get Ur Freak On
DMX,Party Up
Fall Out Boy,Thnks fr th Mmrs
Chris Brown,Run It!
Rihanna,Rude Boy
Neon Trees,Animal
Jonas Brothers,Burnin' Up
Lupe Fiasco,The Show Goes On
Rihanna,You Da One
Kanye West,Love Lockdown
Jesse McCartney,Leavin'
The Pussycat Dolls,Buttons
Keri Hilson,Pretty Girl Rock
Wiz Khalifa,Roll Up
Timbaland,Give It To Me
Jamie Foxx,Blame It
Timbaland,Carry Out (Featuring Justin Timberlake)
Hot Chelle Rae,Tonight Tonight
Secondhand Serenade,Fall For You
Diddy - Dirty Money,Coming Home
Metro Station,Shake It
Katy Perry,California Gurls - feat. Snoop Dogg
Shop Boyz,Party Like A Rock Star
Natasha Bedingfield,Pocketful of Sunshine
Gwen Stefani,The Sweet Escape
3OH!3,DONTTRUSTME - Explicit Album Version
Hinder,Lips Of An Angel
Panic! At The Disco,Nine In The Afternoon - Radio Mix
Usher,Caught Up
3 Doors Down,Kryptonite
Ja Rule,Always On Time
The Fray,Never Say Never
Colbie Caillat,Bubbly
Chingy,Right Thurr
OneRepublic,Stop And Stare
The All-American Rejects,Move Along
Christina Aguilera,Genie in a Bottle
Timbaland,The Way I Are
JoJo,"Too Little, Too Late - Radio Version"
Beyoncé,Single Ladies (Put a Ring on It)
Jesse McCartney,Beautiful Soul
Alicia Keys,No One
The All-American Rejects,Dirty Little Secret
Justin Timberlake,Not a Bad Thing
Usher,You Make Me Wanna...
The Black Eyed Peas,My Humps
Ja Rule,Mesmerize
Nelly Furtado,I'm Like A Bird
The Fray,You Found Me
Jordin Sparks,No Air
Eve,Let Me Blow Ya Mind
Katy Perry,Hot N Cold
Cascada,Everytime We Touch - Radio Edit
The Calling,Wherever You Will Go
Kings of Leon,Use Somebody
The Fray,Over My Head (Cable Car)
Lifehouse,You And Me
Timbaland,Apologize
Miley Cyrus,The Climb
Kelly Clarkson,Since U Been Gone
Katy Perry,I Kissed a Girl
Smash Mouth,All Star
3 Doors Down,Here Without You
Weezer,Beverly Hills
Fall Out Boy,"Sugar, We're Goin Down"
We The Kings,Check Yes Juliet
Fergie,Big Girls Don't Cry (Personal)
Hoobastank,The Reason
Vampire Weekend,Oxford Comma
Alex Clare,Too Close
Cold War Kids,First
Of Monsters and Men,Mountain Sound
Saint Motel,My Type
Fitz and The Tantrums,Out Of My League
Peter Bjorn and John,Young Folks
Hozier,Work Song
Young the Giant,My Body
Cage The Elephant,Shake Me Down
Of Monsters and Men,Crystals
Vance Joy,Mess Is Mine
The Temper Trap,Sweet Disposition
Of Monsters and Men,King And Lionheart
The 1975,Chocolate
The Lumineers,Sleep On The Floor
Of Monsters and Men,Dirty Paws
The xx,Intro
Houndmouth,Sedona
Two Door Cinema Club,What You Know
Phoenix,Lisztomania
alt-J,Left Hand Free
Weezer,Island In The Sun
Glass Animals,Gooey
Cage The Elephant,Come a Little Closer
Edward Sharpe & The Magnetic Zeros,Home
X Ambassadors,Renegades
The Shins,New Slang
Vance Joy,Georgia
Florence + The Machine,Dog Days Are Over
Staind,It's Been Awhile - Explicit LP Version
Red Hot Chili Peppers,Otherside
Trapt,Headstrong
Three Days Grace,I Hate Everything About You
Nickelback,Rockstar
Linkin Park,In The End
Saliva,Click Click Boom
Red Hot Chili Peppers,Under The Bridge
Steve Aoki,Delirious (Boneless)
Beastie Boys,No Sleep Till Brooklyn
Keith Urban,Little Bit Of Everything
Fugees,Ready or Not
Trace Adkins,You're Gonna Miss This
Red Hot Chili Peppers,Californication
Red Hot Chili Peppers,Snow (Hey Oh) - Hey Oh Album Version
ZZ Top,Sharp Dressed Man - 2008 Remastered Version
Dr. Dre,Still D.R.E.
Passion Pit,Take a Walk
Eminem,My Name Is
Kanye West,Blood On The Leaves
Dr. Dre,The Next Episode
Kanye West,All Day
Macklemore,Glorious (feat. Skylar Grey)
Run–D.M.C.,It's Tricky
Kanye West,Can't Tell Me Nothing
Sir Mix-A-Lot,Baby Got Back
Rich Gang,Lifestyle
2Pac,California Love - Original Version
Migos,Pipe It Up
Hoodie Allen,No Interruption
Cage The Elephant,Mess Around
Dr. Dre,Forgot About Dre
Tech N9ne,Hood Go Crazy
Fleetwood Mac,The Chain - Remastered
Michael Jackson,Thriller
Michael Jackson,P.Y.T. (Pretty Young Thing)
The Beatles,Here Comes The Sun - Remastered
Elton John,Don't Go Breaking My Heart
Foreigner,I Want To Know What Love Is - Remastered
Duran Duran,Hungry Like The Wolf - 2009 Remastered Version
The Beach Boys,Wouldn't It Be Nice - 2000 - Remaster
Redbone,Come & Get Your Love (Re-Recorded)
Marvin Gaye,Ain't No Mountain High Enough
Four Tops,"I Can't Help Myself (Sugar Pie, Honey Bunch) - Album Version (Stereo)"
Oasis,Wonderwall - Remastered
The Temptations,My Girl
Michael Jackson,Billie Jean
Queen,We Are The Champions - Remastered 2011
Cyndi Lauper,Time After Time
Cyndi Lauper,Girls Just Want to Have Fun
Soft Cell,Tainted Love
Red Hot Chili Peppers,Dani California
Elvis Presley,Can't Help Falling in Love
ABBA,Dancing Queen
Snow Patrol,Chasing Cars
Owl City,Fireflies
James Bay,Hold Back The River
Clean Bandit,Rockabye (feat. Sean Paul & Anne-Marie)
Maroon 5,Moves Like Jagger - Studio Recording From The Voice Performance
Imagine Dragons,Believer
Beyoncé,Flawless Remix
Bruno Mars,Marry You
Lady Gaga,Poker Face
Cashmere Cat,Trust Nobody (feat. Selena Gomez & Tory Lanez)
Journey,Any Way You Want It
Lady Gaga,Bad Romance
Zara Larsson,Ain't My Fault
Ed Sheeran,Galway Girl
Kungs,This Girl (Kungs Vs. Cookin' On 3 Burners) - Kungs Vs. Cookin' On 3 Burners
Kygo,It Ain't Me (with Selena Gomez)
Nick Jonas,Bacon
Kesha,We R Who We R
Rihanna,Pon de Replay
A Great Big World,Say Something
U2,Beautiful Day
Passenger,Let Her Go
Neon Trees,Sleeping With A Friend
Lana Del Rey,Young And Beautiful
MGMT,Time to Pretend
Panic! At The Disco,Death Of A Bachelor
Lorde,Team
Mr. Probz,Waves - Robin Schulz Radio Edit
CHVRCHES,The Mother We Share
Kid Cudi,Pursuit Of Happiness - Extended Steve Aoki Remix (Explicit)
Calvin Harris,I Need Your Love
The Naked And Famous,Young Blood
Fitz and The Tantrums,The Walker
CeeLo Green,Fuck You
Wham!,Wake Me up Before You Go-Go
Kool & The Gang,Celebration
Creedence Clearwater Revival,Who'll Stop The Rain
The Supremes,You Can't Hurry Love
Don Omar,Danza Kuduro
P!nk,F**kin' Perfect
Kenny Loggins,Footloose
Kygo,Stole the Show
The Jackson 5,I Want You Back
Aretha Franklin,Respect
Michael Jackson,Beat It - Single Version
Brad Paisley,Little Moments
The Jackson 5,ABC
Queen,Fat Bottomed Girls
G-Eazy,Tumblr Girls
Ty Dolla $ign,Paranoid (feat. B.o.B)
G-Eazy,You Got Me
Juvenile,Slow Motion
G-Eazy,Random
Kanye West,Flashing Lights
Dawin,Dessert - Remix
Major Lazer,Light It Up (feat. Nyla & Fuse ODG) - Remix
Migos,Versace (Remix)
Justin Bieber,Love Yourself
Kiiara,Gold
Jonas Blue,Perfect Strangers
Martin Garrix,In the Name of Love
MØ,Final Song
Skrillex,Purple Lamborghini (with Rick Ross)
French Montana,Ain't Worried About Nothin
iLoveMemphis,Hit the Quan - Original Version
Shawn Mendes,Mercy
Daya,"Sit Still, Look Pretty"
Kansas,Dust in the Wind
Pharrell Williams,"Happy - From ""Despicable Me 2"""
Ricky Martin,Livin' la Vida Loca
Warren G,Regulate
The Proclaimers,I'm Gonna Be (500 Miles)
Dire Straits,Walk Of Life
Pat Benatar,Hit Me With Your Best Shot
Rupert Holmes,Escape (The Pina Colada Song)
The Romantics,What I Like About You
Vanilla Ice,Ice Ice Baby
Bill Withers,Lean on Me
Montell Jordan,This Is How We Do It
Katrina & The Waves,Walking On Sunshine
Biz Markie,Just A Friend
Will Smith,Gettin' Jiggy Wit It
Quiet Riot,Cum on Feel the Noize
Elton John,Bennie And The Jets - Remastered 2014
OK Go,Here It Goes Again
John Mayer,Waiting On the World to Change
Cheap Trick,I Want You to Want Me
Tom Petty,Free Fallin'
Eagles,Take It Easy
Steve Miller Band,Fly Like An Eagle
Creedence Clearwater Revival,Lookin' Out My Back Door
Foreigner,Cold As Ice - Single / LP Version
America,A Horse with No Name
The Cars,Just What I Needed
The Who,Pinball Wizard
Steve Miller Band,Take The Money And Run
Journey,Faithfully
Rush,Tom Sawyer
Daryl Hall & John Oates,Maneater - Remastered
Bruce Springsteen,Born In The U.S.A.
Bruce Springsteen,Dancing In The Dark
The Rolling Stones,You Can't Always Get What You Want
Eagles,Life In The Fast Lane - Remastered
Blue Öyster Cult,Burnin' for You
REO Speedwagon,Take It On the Run - Remastered
Semisonic,Closing Time
Logic,Alright
Kanye West,Bound 2
Chance The Rapper,Summer Friends (feat. Jeremih & Francis & The Lights)
Niall Horan,This Town
Desiigner,Tiimmy Turner
Quinn XCII,Straightjacket
Jack Johnson,Better Together
The 1975,Girls
Alessia Cara,Scars To Your Beautiful
Michael Jackson,Man in the Mirror - 2012 Remaster
Darius Rucker,Wagon Wheel
Carrie Underwood,Before He Cheats
Nicki Minaj,Anaconda
James Arthur,Say You Won't Let Go
Alessia Cara,Wild Things
Twenty One Pilots,Heathens
Noah Cyrus,Make Me (Cry)
Childish Gambino,Sober
Belly,Might Not
Sia,The Greatest
PARTYNEXTDOOR,Not Nice
Foreigner,Feels Like the First Time - 2008 Remastered Version
The Monkees,I'm a Believer
Fleetwood Mac,Rhiannon
Santana,Smooth
Joe Walsh,Life's Been Good
Alien Ant Farm,Smooth Criminal
Journey,Wheel in the Sky
U2,I Still Haven't Found What I'm Looking For
The Police,Don't Stand So Close To Me - Remastered 2003
Third Eye Blind,Jumper - 1998 Edit
Otis Redding,Stand By Me
Pearl Jam,Alive
Blondie,Call Me
Scorpions,Rock You Like A Hurricane
Pat Benatar,Heartbreaker
Tim McGraw,Live Like You Were Dying
Jon Pardi,Heartache On The Dance Floor
Tim McGraw,Just to See You Smile
Uncle Kracker,Follow Me
Zac Brown Band,Keep Me In Mind
Alan Jackson,It's Five O' Clock Somewhere
Kenny Chesney,Come Over
Kenny Chesney,Summertime
Maren Morris,My Church
Kenny Chesney,You and Tequila
Lady Antebellum,Need You Now
Dierks Bentley,Come a Little Closer
Keith Urban,Somebody Like You
Keith Urban,Long Hot Summer
Billy Currington,Let Me Down Easy
Jonas Brothers,S.O.S.
Billy Joel,Movin' Out (Anthony's Song)
Amy Winehouse,Rehab
Britney Spears,Toxic
Jonas Brothers,Year 3000
Rihanna,Disturbia
Aly & AJ,Potential Breakup Song
JAY Z,Hard Knock Life (Ghetto Anthem)
Taio Cruz,Break Your Heart
House Of Pain,Jump Around
Gavin DeGraw,I Don't Want to Be
James Blunt,You're Beautiful
G-Eazy,One Of Them
Lady Gaga,Telephone
Miley Cyrus,See You Again
Nirvana,Smells Like Teen Spirit
Papa Roach,Last Resort
The Killers,Somebody Told Me
System Of A Down,Chop Suey!
The Verve,Bitter Sweet Symphony
Evanescence,Bring Me To Life
REO Speedwagon,Can't Fight This Feeling
Tom Petty and the Heartbreakers,Mary Jane's Last Dance
John Mellencamp,Hurts So Good
Metallica,Nothing Else Matters
Europe,The Final Countdown
Mac Miller,Donald Trump
Akon,Don't Matter
Childish Gambino,Bonfire
Jeezy,Put On
2 Chainz,I'm Different
Disclosure,Omen - Radio Edit
The Weeknd,In The Night
J Balvin,Mi Gente
Kygo,Stay
Nicki Minaj,Beez In The Trap
Calvin Harris,How Deep Is Your Love
David Guetta,Sexy Bitch (feat. Akon) - feat. Akon
Lil Dicky,Lemme Freak
Sum 41,In Too Deep
3OH!3,My First Kiss - feat. Ke$ha
Nine Days,Absolutely (Story of a Girl) - Radio Mix
Enrique Iglesias,Hero
MAGIC!,Rude
Coldplay,The Scientist
The Script,Hall of Fame
Big & Rich,Save A Horse (Ride A Cowboy)
Coldplay,Yellow
Tal Bachman,She's so High
Christina Perri,Jar of Hearts
Coldplay,Clocks
The Goo Goo Dolls,Iris
Red Hot Chili Peppers,Scar Tissue
Foghat,Slow Ride
Elton John,Your Song
Sugar Ray,Every Morning
Smash Mouth,I'm A Believer
Simon & Garfunkel,Mrs. Robinson
Manfred Mann's Earth Band,Blinded By The Light - Single edit
Carly Simon,You're So Vain
Lee Brice,A Woman Like You
Zac Brown Band,As She's Walking Away (feat. Alan Jackson)
The Band Perry,If I Die Young
Rachel Platten,Fight Song
Ellie Goulding,Burn
Darius Rucker,Come Back Song
Billy Currington,Pretty Good At Drinkin' Beer
Zac Brown Band,Goodbye In Her Eyes
Ed Sheeran,Sing
Hailee Steinfeld,"Let Me Go (with Alesso, Florida Georgia Line & watt)"
Radiohead,Creep
Ellie Goulding,"Love Me Like You Do - From ""Fifty Shades Of Grey"""
Sheryl Crow,Soak Up The Sun
Shakira,Can't Remember to Forget You
Lady Gaga,Applause
Owl City,Good Time
Zedd,Clarity
Train,Drive By
Kenny Chesney,Beer In Mexico
Rascal Flatts,What Hurts The Most
Josh Turner,Time Is Love
Jake Owen,The One That Got Away
Rae Sremmurd,No Flex Zone
Ed Sheeran,Barcelona
Brad Paisley,She's Everything
Brad Paisley,Whiskey Lullaby
Imagine Dragons,Thunder
Ariana Grande,Problem
Camila Cabello,Havana
Logic,Super Mario World
Meek Mill,Lord Knows (feat. Tory Lanez)
Lil Yachty,Minnesota
J. Cole,Deja Vu
Young Thug,Digits
Wiz Khalifa,So High (feat. Ghost Loft)
Boyz II Men,End Of The Road
Britney Spears,Womanizer
Iggy Azalea,Black Widow
Daft Punk,Get Lucky - Radio Edit
P!nk,Raise Your Glass
Nick Jonas,Jealous - Remix
Rihanna,Pour It Up
Crazy Town,Butterfly
Maroon 5,Maps
Ice Cube,It Was A Good Day
Ugly God,Water
Future,Rent Money
WALK THE MOON,Tightrope
Fifth Harmony,Down
Frank Ocean,Novacane
Cheat Codes,No Promises (feat. Demi Lovato)
Hannah Montana,He Could Be the One
Frank Ocean,Super Rich Kids
T-Pain,I'm Sprung - German Remix Featuring Kool Savas
Bruno Mars,When I Was Your Man
Selena Gomez & The Scene,Love You Like A Love Song
Andy Grammer,Fresh Eyes
Maroon 5,What Lovers Do (feat. SZA)
Hailee Steinfeld,Most Girls
N.W.A.,Straight Outta Compton
Alanis Morissette,You Oughta Know - 2015 Remastered
Eminem,Not Afraid
YFN Lucci,Key to the Streets (feat. Migos & Trouble)
A Boogie Wit da Hoodie,Timeless (DJ SPINKING)
Lil Uzi Vert,Ps & Qs
Chris Brown,Party
Lil Uzi Vert,7am
Fall Out Boy,Uma Thurman
The White Stripes,Seven Nation Army
Bruno Mars,Grenade
2 Chainz,We Own It (Fast & Furious)
The Offspring,"You're Gonna Go Far, Kid"
Fall Out Boy,My Songs Know What You Did In The Dark (Light Em Up)
Fort Minor,Remember The Name (feat. Styles Of Beyond)
Bruno Mars,Talking To The Moon
Alina Baraz,Fantasy
Rocko,"U.O.E.N.O. (feat. Rick Ross, Future)"
One Direction,Perfect
Justin Bieber,Boyfriend
The Script,For the First Time
Justin Bieber,Baby
Jason Mraz,Lucky
Lil Dicky,Professional Rapper (feat. Snoop Dogg)
Wiz Khalifa,Bake Sale (feat. Travis Scott)
Post Malone,No Option
Justin Bieber,All Around The World
Destiny's Child,Bootylicious
TLC,Waterfalls
Deorro,Five More Hours - Deorro x Chris Brown
Coleman Hell,2 Heads
Justin Bieber,I'll Show You
Bruno Mars,It Will Rain
Young the Giant,Cough Syrup
Sara Bareilles,Love Song
Arctic Monkeys,Why'd You Only Call Me When You're High?
Lana Del Rey,Summertime Sadness [Lana Del Rey vs. Cedric Gervais] - Cedric Gervais Remix
Jessie J,Price Tag
Gorillaz,Feel Good Inc
FRENSHIP,Capsize
Lifehouse,Hanging By A Moment
Paramore,Ain't It Fun
Dion,Runaround Sue
Simple Plan,Welcome To My Life
Martin Garrix,Scared to Be Lonely
Clean Bandit,Symphony (feat. Zara Larsson)
Maroon 5,Cold (feat. Future)
Alessia Cara,"How Far I'll Go - From ""Moana"""
Fitz and The Tantrums,HandClap
Kendrick Lamar,FEAR.
Bonnie Tyler,Total Eclipse of The Heart
Billy Joel,The Longest Time
Billy Joel,It's Still Rock and Roll to Me
Big Sean,Guap
MadeinTYO,Uber Everywhere
New Radicals,You Get What You Give
Lit,My Own Worst Enemy
Eve 6,Inside Out
Deep Blue Something,Breakfast At Tiffany's
Sheryl Crow,All I Wanna Do
Stone Temple Pilots,Interstate Love Song
Sixpence None The Richer,Kiss Me
Blind Melon,No Rain
The Wallflowers,One Headlight
Chumbawamba,Tubthumping
The Goo Goo Dolls,Slide
Third Eye Blind,Never Let You Go - 2008 Version
Counting Crows,Mr. Jones
Natalie Imbruglia,Torn
Dave Matthews Band,Crash into Me
Foo Fighters,Everlong
Spin Doctors,Two Princes
4 Non Blondes,What's Up?
Eagle-Eye Cherry,Save Tonight
Barenaked Ladies,One Week
Migos,Handsome And Wealthy
Gucci Mane,Met Gala (feat. Offset)
Lil Jon,Outta Your Mind
Bachman-Turner Overdrive,Takin' Care Of Business
Tom Petty and the Heartbreakers,Don't Do Me Like That
Fleetwood Mac,Dreams - 2004 Remastered Edition
Grand Funk Railroad,Some Kind Of Wonderful - Digitally Remastered 99
Kendrick Lamar,LUST.
Justin Bieber,Eenie Meenie
Meghan Trainor,Like I'm Gonna Lose You
Kygo,Here for You
Jack Johnson,Banana Pancakes
Backstreet Boys,Everybody (Backstreet's Back) - Extended Version
Train,Play That Song
Justin Bieber,The Feeling
Britney Spears,Circus
Ellie Goulding,Lights - Single Version
Becky G,Shower
Nirvana,Heart-Shaped Box
2Pac,Hail Mary - Album Version (Edited)
Eagles,One Of These Nights
Billy Joel,Only the Good Die Young
Frank Ocean,Nikes
John Mayer,Heartbreak Warfare
Diplo,Be Right There
The Weeknd,Often - Kygo Remix
Marcy Playground,Sex And Candy
Candlebox,Far Behind
Gin Blossoms,Hey Jealousy
Nirvana,Come As You Are
Soundgarden,Black Hole Sun
Rusted Root,Send Me On My Way
The Pussycat Dolls,When I Grow Up
The Black Eyed Peas,Imma Be
Vampire Weekend,A-Punk
Snakehips,Don't Leave
Camila Cabello,OMG
Lauv,I Like Me Better
Tove Lo,Cool Girl
Cold War Kids,Hang Me Up To Dry
The Kooks,Naive
The Black Keys,Howlin' For You
Twenty One Pilots,The Judge
Twenty One Pilots,Message Man
The Beatles,Let It Be - Remastered
Rise Against,Savior
Tom Petty,You Don't Know How It Feels
John Mayer,Your Body Is a Wonderland
The Foundations,Build Me Up Buttercup
Twenty One Pilots,Guns For Hands
Flo Rida,Good Feeling
Fall Out Boy,"Dance, Dance"
Flo Rida,Whistle
The Script,The Man Who Can't Be Moved
Kesha,Blow
Twenty One Pilots,Heavydirtysoul
The Offspring,Pretty Fly (For A White Guy)
Incubus,Drive
AWOLNATION,Kill Your Heroes
Third Eye Blind,How's It Going To Be
Nirvana,Lithium
Audioslave,Like a Stone
Florence + The Machine,Shake It Out
Adele,When We Were Young
My Chemical Romance,Welcome to the Black Parade
Matt Nathanson,Come On Get Higher
Usher,No Limit
Miley Cyrus,Adore You
Rod Stewart,Maggie May
DJ Khaled,How Many Times
Kesha,Crazy Kids
Rixton,Me And My Broken Heart
Gorillaz,Clint Eastwood
Khalid,American Teen
Tom Petty and the Heartbreakers,Breakdown
Pearl Jam,Even Flow
Meek Mill,All Eyes On You (feat. Chris Brown & Nicki Minaj)
Calvin Harris,Outside
Travis Scott,3500
Stevie Wonder,"Signed, Sealed, Delivered (I'm Yours)"
Kendrick Lamar,FEEL.
Keane,Somewhere Only We Know
Good Charlotte,The Anthem
The Black Keys,Tighten Up
Panic! At The Disco,Miss Jackson (feat. LOLO) - feat. Lolo
Twenty One Pilots,Screen
Panic! At The Disco,Victorious
Rihanna,Kiss It Better
Khalid,8TEEN
NAV,Up
Nicki Minaj,The Night Is Still Young
Nine Inch Nails,Closer
Lil Dicky,Molly (feat. Brendon Urie of Panic at the Disco)
Saint Motel,Cold Cold Man
The Strumbellas,Spirits
Two Door Cinema Club,Something Good Can Work
U2,With Or Without You
The Red Jumpsuit Apparatus,Face Down
Joel Adams,Please Don't Go
Eminem,Stan
Eminem,Cinderella Man
Charli XCX,Boom Clap
Adele,Water Under the Bridge
Arctic Monkeys,R U Mine?
Flume,Drop the Game
Journey,Lights
Incubus,Wish You Were Here
Jack Johnson,Upside Down
The Killers,All These Things That I've Done
Kanye West,Touch The Sky
Florida Georgia Line,Smooth
Rihanna,Shut Up And Drive
Israel Kamakawiwo'ole,Over The Rainbow / What A Wonderful World - Medley
Ludacris,Money Maker
Blondie,Heart Of Glass - Special Mix
2Pac,Changes
Bobby McFerrin,Don't Worry Be Happy
Machine Gun Kelly,Till I Die
Cam’ron,Hey Ma
Ying Yang Twins,Shake
Busta Rhymes,Break Ya Neck
Ja Rule,Put It On Me
Bleachers,Rollercoaster
Flo Rida,"I Don't Like It, I Love It (feat. Robin Thicke & Verdine White)"
Britney Spears,Lucky
Plain White T's,"1, 2, 3, 4"
Gym Class Heroes,Cupid's Chokehold / Breakfast In America
Luke Bryan,Do I
Ed Sheeran,How Would You Feel (Paean)
Linkin Park,Bleed It Out
Shania Twain,You're Still The One
Pearl Jam,Yellow Ledbetter
Jon Bellion,Guillotine
The Weeknd,All I Know
Gucci Mane,Lemonade
Anna Kendrick,Cups (Pitch Perfect’s “When I’m Gone”) - Pop Version
Fabolous,Throw It In The Bag
Sia,Alive
Tori Kelly,Hollow
Hailee Steinfeld,Rock Bottom
Unk,Walk It Out
Ja Rule,Livin' It Up
Chris Brown,Love More
Drake,Wu-Tang Forever
Akon,Lonely - Old Version
Nelly,Over And Over - Album Version / Explicit
Macklemore & Ryan Lewis,Same Love - feat. Mary Lambert
Michael Ray,Think A Little Less
Chris Young,Losing Sleep
LANCO,Greatest Love Story
Amy Winehouse,Back To Black
Tim McGraw,Top Of The World
Dierks Bentley,Riser
Justin Moore,You Look Like I Need A Drink
ZHU,Working For It - Bonus Track
Matoma,Running Out
Young Greatness,Moolah
Chance The Rapper,Somewhere in Paradise (feat. Jeremih & R. Kelly)
ODESZA,Say My Name
38 Special,Caught Up In You
The Doobie Brothers,Black Water
Creedence Clearwater Revival,Proud Mary
Steely Dan,Do It Again
Gucci Mane,Back On Road
Drake,KMT
Drake,U With Me?
Drake,Views
Drake,Get It Together
Drake,Pound Cake / Paris Morton Music 2
Drake,Fire & Desire
Drake,Redemption
Drake,Jorja Interlude
Big Sean,My Last
Eli Young Band,Drunk Last Night
Craig Morgan,Redneck Yacht Club
Joe Nichols,Gimmie That Girl
Chris Young,Gettin' You Home
Jana Kramer,I Got The Boy
Randy Houser,We Went
Carrie Underwood,Heartbeat
Eric Church,Like A Wrecking Ball
Tyler Farr,Redneck Crazy
Blake Shelton,Lonely Tonight (feat. Ashley Monroe)
Easton Corbin,Lovin' You Is Fun
Gucci Mane,15th And The 1st (feat. YG Hootie)
Chris Young,I Can Take It From There
JAY Z,Gotta Have It
Kanye West,FML
Kendrick Lamar,These Walls
Hunter Hayes,Everybody's Got Somebody But Me (feat. Jason Mraz) - Encore
Lady Antebellum,Downtown
Kenny Chesney,Til It's Gone
Jonas Blue,By Your Side
Blake Shelton,Doin' What She Likes
The Five Stairsteps,O-o-h Child - Remastered
Selena Gomez,Come & Get It
LMFAO,Sexy And I Know It
Blake Shelton,Gonna
MisterWives,Our Own House
Dillon Francis,Coming Over (feat. James Hersey)
LÉON,Tired of Talking
Hunter Hayes,21
Brad Paisley,Then
The Weeknd,Secrets
Diddy,I'll Be Missing You (feat. Faith Evans & 112)
Mac Miller,Cinderella (feat. Ty Dolla $ign)
Trey Songz,About You
Matchbox Twenty,Push
Kygo,First Time
Phil Vassar,Just Another Day In Paradise
Wiz Khalifa,Medicated - feat. Chevy Woods & Juicy J
Kenny Chesney,The Good Stuff
Little Big Town,Pontoon
Miranda Lambert,Gunpowder & Lead
Dierks Bentley,Free And Easy (Down The Road I Go)
Eric Church,Mr. Misunderstood
Lil' Troy,Wanna Be A Baller
Chris Brown,She Ain't You
Selena Gomez,Fetish (feat. Gucci Mane)
Russ,Me You
The Notorious B.I.G.,Notorious Thugs - 2014 Remastered Version
Lady Gaga,The Cure
Ella Eyre,We Don't Have To Take Our Clothes Off
Linkin Park,Heavy (feat. Kiiara)
Martin Jensen,Solo Dance
Major Lazer,Run Up (feat. PARTYNEXTDOOR & Nicki Minaj)
The Chainsmokers,The One
Kesha,Praying
Lorde,Homemade Dynamite - REMIX
Flo Rida,Cake
Bebe Rexha,I Got You
Ludacris,What's Your Fantasy (Featuring Shawna)
Fifth Harmony,That's My Girl
DNCE,Toothbrush
Iyaz,Pretty Girls (feat. Travie McCoy)
Lipps Inc.,Funkytown - Single Version
Extreme,More Than Words
Travis Scott,Mamacita
G-Eazy,Drifting
Smokepurpp,Audi.
Katy Perry,E.T.
Jessie J,Domino
Amy Winehouse,"Valerie - Live At BBC Radio 1 Live Lounge, London / 2007"
Taking Back Sunday,MakeDamnSure
Commodores,Easy
Luke Bryan,Fast
Paramore,That's What You Get
C & C Music Factory,Gonna Make You Sweat (Everybody Dance Now)
Led Zeppelin,Rock And Roll
Bruce Springsteen,Born to Run
Eric Church,Smoke a Little Smoke
Rihanna,California King Bed
Chris Young,Tomorrow
Fuel,Shimmer - Single Version
The Chainsmokers,Inside Out
Nathaniel Rateliff & The Night Sweats,S.O.B.
Uncle Kracker,Drift Away
Hot Chocolate,You Sexy Thing
Sugar Ray,Someday
Tracy Byrd,Ten Rounds with Jose Cuervo - Recall Mix
Amy Winehouse,You Know I'm No Good
The Game,The Game & Skrillex: El Chapo
Lil Uzi Vert,SideLine Watching (Hold Up)
DJ Khaled,Do You Mind
Carnage,WDYW
Alabama,If You're Gonna Play in Texas (You Gotta Have a Fiddle in the Band)
Puddle Of Mudd,She Hates Me
Matchbox Twenty,Unwell - Remastered Version
Lil Uzi Vert,Hi Roller
DRAM,Gilligan
Kanye West,Real Friends
Bon Jovi,Runaway
Finger Eleven,Paralyzer
Kool & The Gang,Get Down On It - Single Version
Luke Bryan,Someone Else Calling You Baby
The Pussycat Dolls,Stickwitu
Usher,Confessions Part II - Confessions Special Edition Version
Usher,U Got It Bad
Meek Mill,Ima Boss - feat. Rick Ross
One Direction,Night Changes
Naughty Boy,La La La
B2K,"Bump, Bump, Bump"
Halsey,Bad At Love
Kevin Lyttle,Turn Me On
Ne-Yo,Because Of You
MØ,Nights With You
Travis Scott,90210
The Weather Girls,It's Raining Men
San Holo,Light
Disturbed,Down With the Sickness
Lil Pump,Boss
Wiz Khalifa,Stayin Out All Night
What So Not,High You Are
Everclear,Santa Monica
Sister Hazel,All For You
OMC,How Bizarre
Fastball,The Way
Everclear,Father Of Mine
Staind,So Far Away
Guns N' Roses,Live And Let Die
The Weeknd,Attention
Frank Ocean,Lost
The Verve Pipe,The Freshmen
Frank Ocean,Biking
Tracy Chapman,Fast Car
ZAYN,LIKE I WOULD
A$AP Mob,Crazy Brazy
Good Charlotte,Girls & Boys
Justin Bieber,Beauty And A Beat
Taylor Swift,Our Song
Meek Mill,Monster
Foo Fighters,Learn to Fly
Sisqo,Thong Song
Pearl Jam,Jeremy
Foo Fighters,The Pretender
Augustana,Boston
Future,March Madness
Mariah Carey,Always Be My Baby
Beyoncé,XO
K CAMP,Cut Her Off
Bill Withers,Ain't No Sunshine
B.o.B,We Still In This Bitch (feat. T.I. and Juicy J)
The Black Eyed Peas,Let's Get It Started - Spike Mix
Justin Timberlake,What Goes Around.../...Comes Around (Interlude)
Johnny Cash,Ring of Fire - Mono Version
